City_ID,City,Lat,Lng,Max Temp,Humidity,Cloudiness,Wind Speed,Country,Date
0,aykhal,66.0,111.5,267.3,96,100,3.03,RU,1698005202
1,paragominas,-2.9667,-47.4833,306.58,43,100,2.07,BR,1698004914
2,edinburgh of the seven seas,-37.0676,-12.3116,285.96,85,31,5.62,SH,1698005202
3,lihue,21.9789,-159.3672,300.92,71,75,3.6,US,1698005202
4,vilhena,-12.7406,-60.1458,310.25,19,70,1.26,BR,1698005203
5,winnemucca,40.973,-117.7357,296.18,28,0,4.63,US,1698005203
6,stanley,54.868,-1.6985,278.03,95,0,0.0,GB,1698005203
7,baruun-urt,46.6806,113.2792,276.87,39,53,2.79,MN,1698005203
8,sola,-13.8833,167.55,298.39,88,100,14.62,VU,1698005203
9,betare oya,5.6,14.0833,294.34,92,100,1.75,CM,1698005203
10,hawaiian paradise park,19.5933,-154.9731,301.88,68,20,1.79,US,1698005044
11,manokwari,-0.8667,134.0833,298.75,81,83,2.06,ID,1698005204
12,puerto ayora,-0.7393,-90.3518,302.13,79,63,5.18,EC,1698005204
13,ishinomaki,38.4167,141.3,287.32,70,95,5.27,JP,1698005204
14,port-aux-francais,-49.35,70.2167,275.75,65,62,13.41,TF,1698005204
15,sal rei,16.1833,-22.9167,301.26,69,75,6.17,CV,1698005123
16,albany,42.6001,-73.9662,282.53,72,100,0.45,US,1698005204
17,constantia,44.1833,28.65,291.53,53,1,2.35,RO,1698005204
18,ertil',51.8406,40.8056,278.13,72,78,4.81,RU,1698005205
19,remire-montjoly,4.9167,-52.2667,304.17,70,75,3.6,GF,1698005205
20,tiksi,71.6872,128.8694,255.44,100,99,1.69,RU,1698005205
21,luderitz,-26.6481,15.1594,289.98,83,82,1.48,NA,1698005205
22,bredasdorp,-34.5322,20.0403,287.34,78,93,3.6,ZA,1698005205
23,stolin,51.8912,26.846,288.48,82,68,7.03,BY,1698005205
24,blackmans bay,-43.0167,147.3167,285.22,84,98,0.89,AU,1698005205
25,belmonte,-15.8631,-38.8828,298.34,76,19,4.93,BR,1698005206
26,saipan,15.1355,145.701,301.54,78,40,7.72,MP,1698005206
27,dudinka,69.4058,86.1778,271.63,96,100,5.87,RU,1698005206
28,margaret river,-33.95,115.0667,286.16,61,100,6.2,AU,1698005206
29,hovd,48.0056,91.6419,278.98,57,43,3.58,MN,1698005206
30,selfoss,63.9331,-20.9971,274.84,83,100,1.63,IS,1698005206
31,grytviken,-54.2811,-36.5092,274.97,76,19,4.95,GS,1698005206
32,oranjemund,-28.55,16.4333,291.41,80,35,4.4,NA,1698005207
33,salavan,15.7167,106.4167,294.27,94,56,1.18,LA,1698005207
34,wau,7.7029,27.9953,298.42,73,21,1.85,SS,1698005207
35,kodiak,57.79,-152.4072,277.88,52,0,4.12,US,1698005106
36,st. john's,47.5649,-52.7093,288.13,90,100,12.86,CA,1698005191
37,prado,-17.3411,-39.2208,297.42,73,73,4.65,BR,1698005192
38,ilulissat,69.2167,-51.1,268.16,58,8,1.54,GL,1698005207
39,porto novo,6.4965,2.6036,299.03,88,100,2.61,BJ,1698005207
40,iskateley,67.6803,53.1512,273.0,82,100,7.76,RU,1698005208
41,primorskiy,43.0983,131.5875,279.4,59,12,1.58,RU,1698005208
42,alice springs,-23.7,133.8833,287.9,36,25,3.6,AU,1698005208
43,qaqortoq,60.7167,-46.0333,273.93,75,100,1.18,GL,1698005208
44,tazovsky,67.4667,78.7,269.63,82,62,6.59,RU,1698004982
45,ban nong wua so,17.2675,103.2247,297.01,79,88,1.38,TH,1698005208
46,fortuna,40.5982,-124.1573,291.34,96,75,0.0,US,1698005208
47,bilibino,68.0546,166.4372,262.15,100,77,1.54,RU,1698005209
48,tiquipaya,-17.3382,-66.2189,298.69,22,52,6.71,BO,1698005209
49,papatowai,-46.5619,169.4708,281.25,71,7,1.9,NZ,1698005209
50,santa marta,11.2408,-74.199,304.2,73,100,0.45,CO,1698005209
51,pangai,-19.8,-174.35,297.49,85,59,3.77,TO,1698005209
52,ranau,5.9538,116.6641,294.07,96,53,0.31,MY,1698005209
53,conduaga,8.862,117.4893,299.42,83,96,1.22,PH,1698005209
54,saint-philippe,-21.3585,55.7679,293.92,77,36,3.08,RE,1698005209
55,fortaleza,-3.7227,-38.5247,302.08,72,40,6.17,BR,1698005210
56,naze,28.3667,129.4833,293.43,71,100,4.07,JP,1698005210
57,invercargill,-46.4,168.35,281.49,87,53,1.79,NZ,1698005210
58,cova figueira,14.8905,-24.2934,297.07,79,31,4.68,CV,1698005210
59,santiago de cao,-7.9589,-79.2392,294.93,80,52,6.37,PE,1698005210
60,longyearbyen,78.2186,15.6401,263.06,79,0,3.6,SJ,1698005210
61,puerto natales,-51.7236,-72.4875,287.4,41,40,4.63,CL,1698005210
62,punta arenas,-53.15,-70.9167,287.21,38,20,7.72,CL,1698005211
63,salaqi,40.5414,110.5108,281.74,35,5,0.77,CN,1698005211
64,patnanungan,14.7833,122.1833,300.41,83,100,7.32,PH,1698005211
65,larache,35.1932,-6.1557,292.93,73,71,5.1,MA,1698005211
66,ribeira grande,38.5167,-28.7,291.37,72,20,3.6,PT,1698005211
67,anadyr,64.75,177.4833,276.43,100,100,8.0,RU,1698005211
68,guerrero negro,27.9769,-114.0611,296.68,64,0,8.66,MX,1698005212
69,astrakhan,46.3497,48.0408,275.08,75,0,2.0,RU,1698005212
70,vadso,70.0744,29.7487,273.64,69,75,4.63,NO,1698005212
71,thompson,55.7435,-97.8558,274.24,86,75,5.66,CA,1698004961
72,masterton,-40.9597,175.6575,284.2,81,3,0.56,NZ,1698005212
73,adamstown,-25.066,-130.1015,296.11,76,19,4.83,PN,1698005212
74,hammerfest,70.6634,23.6821,271.4,74,20,0.0,NO,1698005212
75,arraial do cabo,-22.9661,-42.0278,296.07,68,75,6.69,BR,1698005213
76,bethel,41.3712,-73.414,286.23,60,70,4.47,US,1698004976
77,wladyslawowo,54.7909,18.4009,284.9,93,100,5.35,PL,1698005213
78,keuruu,62.2667,24.7,273.25,99,100,1.39,FI,1698005213
79,holyhead,53.3062,-4.6321,283.3,87,20,3.6,GB,1698005213
80,port lincoln,-34.7333,135.8667,285.55,77,7,6.56,AU,1698005213
81,fereydun kenar,36.6864,52.5225,293.87,74,27,1.43,IR,1698005213
82,cabo san lucas,22.8909,-109.9124,302.93,81,95,2.68,MX,1698004927
83,mezhdurechenskiy,59.6,65.9333,271.46,77,73,5.0,RU,1698005214
84,nantucket,41.2835,-70.0995,289.23,64,100,7.2,US,1698005145
85,wailua homesteads,22.0669,-159.378,300.59,72,75,3.6,US,1698005214
86,oxapampa,-10.5775,-75.4017,292.44,85,94,0.9,PE,1698005214
87,geraldton,-28.7667,114.6,286.38,76,56,3.09,AU,1698005214
88,kodinar,20.7903,70.7031,300.71,57,96,1.64,IN,1698005214
89,olonkinbyen,70.9221,-8.7187,276.06,86,99,4.84,SJ,1698005214
90,port elizabeth,-33.918,25.5701,288.88,73,0,4.92,ZA,1698005215
91,nikolayevsk-on-amure,53.1406,140.73,271.57,65,59,4.01,RU,1698005215
92,happy valley-goose bay,53.3168,-60.3315,276.26,72,99,7.71,CA,1698005215
93,ushuaia,-54.8,-68.3,281.32,75,51,1.23,AR,1698005215
94,rongelap,11.1635,166.8941,300.99,77,100,6.4,MH,1698005215
95,minas de marcona,-15.2119,-75.1103,292.41,71,40,5.92,PE,1698005215
96,moranbah,-22.0016,148.0466,292.65,62,5,3.64,AU,1698005215
97,isla vista,34.4133,-119.861,300.06,64,0,3.6,US,1698005216
98,hermanus,-34.4187,19.2345,288.66,80,58,4.6,ZA,1698005216
99,lawton,34.6087,-98.3903,303.1,33,40,5.66,US,1698005216
100,choyr,46.3611,108.3611,276.35,46,0,3.3,MN,1698005216
101,bandar lampung,-5.4254,105.258,296.08,92,100,1.4,ID,1698005216
102,hede,33.7681,120.2517,286.36,86,0,2.01,CN,1698005216
103,waitangi,-43.9535,-176.5597,281.94,73,87,4.47,NZ,1698005216
104,keflavik,64.0049,-22.5624,277.39,93,75,2.06,IS,1698005217
105,petropavlovsk-kamchatsky,53.0452,158.6483,270.48,93,75,1.0,RU,1698005217
106,west island,-12.1568,96.8225,298.14,78,40,4.63,CC,1698005217
107,toliara,-23.35,43.6667,296.03,73,36,2.42,MG,1698005217
108,whitehorse,60.7161,-135.0538,265.38,51,35,4.92,CA,1698005217
109,shingu,33.7333,135.9833,285.57,71,71,2.19,JP,1698005217
110,tralee,52.2704,-9.7026,283.21,92,99,5.1,IE,1698005217
111,novomikhaylovskiy,44.2581,38.8578,290.94,60,85,1.47,RU,1698005218
112,zhigalovo,54.8097,105.1578,271.55,79,30,1.37,RU,1698005218
113,hsinchu,24.8036,120.9686,298.63,82,65,0.89,TW,1698005218
114,manavalakurichi,8.1333,77.3,299.01,83,98,2.18,IN,1698005218
115,the bottom,17.6259,-63.2492,299.22,77,100,4.51,BQ,1698005218
116,pontes e lacerda,-15.2261,-59.3353,314.11,16,92,3.41,BR,1698004931
117,nenjiang,49.1833,125.2167,275.88,60,7,2.9,CN,1698005218
118,hadibu,12.65,54.0333,300.06,84,100,5.99,YE,1698005219
119,tanga,-5.0667,39.1,297.83,84,0,1.44,TZ,1698005219
120,yuzhno-kurilsk,44.0306,145.8556,282.05,74,90,2.87,RU,1698005219
121,afaahiti,-17.75,-149.2833,302.08,84,77,6.77,PF,1698005219
122,gashua,12.871,11.0482,303.73,14,32,4.52,NG,1698005219
123,cacoal,-11.4386,-61.4472,314.56,16,97,2.54,BR,1698005219
124,mangrol,21.1167,70.1167,300.89,51,59,3.65,IN,1698005219
125,tyukalinsk,55.8732,72.1967,271.69,76,96,8.35,RU,1698005220
126,kodinsk,58.6881,99.1844,272.0,89,100,1.74,RU,1698005220
127,bonthe,7.5264,-12.505,299.38,86,18,2.76,SL,1698005220
128,fale old settlement,-9.3852,-171.2468,301.25,71,36,1.44,TK,1698005220
129,nogliki,51.8333,143.1667,272.71,66,0,5.88,RU,1698005220
130,banda aceh,5.5577,95.3222,299.27,78,100,1.17,ID,1698005220
131,altamira,-3.2033,-52.2064,306.13,48,100,1.61,BR,1698005220
132,puerto baquerizo moreno,-0.9,-89.6,300.7,69,75,2.57,EC,1698005221
133,benguela,-12.5763,13.4055,298.01,78,77,3.45,AO,1698005221
134,hobyo,5.3505,48.5268,300.79,78,36,6.61,SO,1698005178
135,east london,-33.0153,27.9116,288.58,68,34,3.98,ZA,1698005200
136,chibougamau,49.9168,-74.3659,277.94,81,100,3.09,CA,1698005174
137,kununurra,-15.7667,128.7333,298.14,88,1,2.06,AU,1698005221
138,oyon,-10.6681,-76.7731,285.91,69,100,1.23,PE,1698005221
139,zyryanskoye,56.8306,86.6258,277.05,89,100,5.33,RU,1698005221
140,colonia,50.9333,6.95,286.25,90,75,2.57,DE,1698005222
141,ouadda,8.0777,22.4007,296.17,67,0,1.09,CF,1698005222
142,codrington,-38.2667,141.9667,280.85,86,86,3.24,AU,1698005222
143,pontchateau,47.4333,-2.0833,286.4,88,0,2.57,FR,1698005222
144,fada,9.5667,8.3,295.57,67,70,0.59,NG,1698005222
145,namibe,-15.1961,12.1522,293.59,86,97,1.08,AO,1698005222
146,santa maria,-29.6842,-53.8069,293.76,94,75,2.57,BR,1698005011
147,kailua-kona,19.6406,-155.9956,299.54,89,14,1.79,US,1698004929
148,yellowknife,62.456,-114.3525,270.05,76,100,10.28,CA,1698005223
149,urupes,-21.2017,-49.29,309.46,22,0,1.89,BR,1698005223
150,taoudenni,22.6783,-3.9836,307.99,14,78,1.84,ML,1698005223
151,sisimiut,66.9395,-53.6735,267.79,78,19,5.68,GL,1698005223
152,port mathurin,-19.6833,63.4167,297.55,81,15,5.15,MU,1698005223
153,gondar,12.6,37.4667,287.98,77,100,1.84,ET,1698005223
154,sabha,27.0377,14.4283,302.31,15,4,3.25,LY,1698005224
155,fisterra,42.9049,-9.2629,287.6,91,100,2.83,ES,1698005224
156,la ronge,55.1001,-105.2842,274.25,38,34,4.45,CA,1698005224
157,mata-utu,-13.2816,-176.1745,300.8,80,100,4.89,WF,1698005224
158,cairo montenotte,44.4031,8.2746,289.34,88,75,0.62,IT,1698005224
159,enewetak,11.3474,162.3373,301.49,70,100,3.03,MH,1698005224
160,phalodi,27.1333,72.3667,301.61,37,28,3.59,IN,1698005224
161,la passe,45.5549,-0.8967,285.92,74,99,5.17,FR,1698005225
162,hasaki,35.7333,140.8333,281.37,60,100,3.47,JP,1698005213
163,villa mercedes,-33.6757,-65.4578,292.84,75,100,5.9,AR,1698005225
164,northam,51.0333,-4.2167,284.07,92,38,4.19,GB,1698005225
165,wanning,18.8003,110.3967,298.14,92,100,5.08,CN,1698005225
166,georgetown,5.4112,100.3354,298.72,97,20,1.54,MY,1698004978
167,altar,30.7,-111.8167,307.14,22,0,2.91,MX,1698005225
168,urzhar,47.093,81.6294,285.52,76,100,2.25,KZ,1698005226
169,tsimlyansk,47.6461,42.1019,283.09,55,5,5.39,RU,1698005226
170,klyuchi,52.2667,79.1667,282.2,77,100,10.68,RU,1698005226
171,atherton,53.5237,-2.4935,283.27,88,72,1.57,GB,1698005226
172,araguaina,-7.1911,-48.2072,309.42,31,98,2.22,BR,1698005226
173,phillip island,-38.4835,145.231,285.08,93,100,11.56,AU,1698005226
174,bubaque,11.2833,-15.8333,301.57,78,66,3.59,GW,1698005226
175,grand falls-windsor,48.9332,-55.6649,279.54,94,100,3.13,CA,1698005227
176,iqaluit,63.7506,-68.5145,270.0,63,75,5.66,CA,1698004933
177,ust-nera,64.5667,143.2,263.13,96,100,1.15,RU,1698005227
178,chatham,51.3789,0.5279,285.07,69,2,0.45,GB,1698005227
179,hoemul-li,41.4339,129.67,283.68,62,0,2.73,KP,1698005227
180,vryburg,-26.9566,24.7284,291.01,28,35,0.82,ZA,1698005227
181,sao felix do xingu,-6.6447,-51.995,305.57,41,100,2.03,BR,1698005157
182,inhambane,-23.865,35.3833,297.61,74,90,4.13,MZ,1698005228
183,tazacorte,28.629,-17.9293,295.69,73,20,2.24,ES,1698005228
184,ridgecrest,35.6225,-117.6709,301.49,25,0,5.81,US,1698005228
185,ain sukhna,29.6002,32.3167,296.27,80,0,2.05,EG,1698005228
186,kingston,17.997,-76.7936,304.68,71,40,5.14,JM,1698005077
187,muang xay,20.7,101.9833,292.17,85,81,0.77,LA,1698005228
188,kudahuvadhoo,2.6708,72.8944,300.1,74,96,0.82,MV,1698005229
189,touros,-5.1989,-35.4608,299.39,72,100,6.89,BR,1698005215
190,waingapu,-9.6567,120.2641,298.11,77,7,1.99,ID,1698005229
191,balykshi,47.0667,51.8667,273.15,86,0,2.0,KZ,1698005229
192,boca suno,-0.7167,-77.1333,306.92,36,92,1.68,EC,1698005229
193,shimoda,34.6667,138.95,285.43,64,100,3.01,JP,1698005229
194,okhotsk,59.3833,143.3,271.45,84,86,6.24,RU,1698005230
195,arrifes,37.7667,-25.7,290.33,68,20,4.12,PT,1698005230
196,tangalle,6.024,80.7911,297.86,89,100,1.67,LK,1698005230
197,udachny,66.4167,112.4,267.46,95,100,5.32,RU,1698005230
198,nova sintra,14.8667,-24.7167,296.73,76,29,5.94,CV,1698005230
199,laguna de perlas,12.3429,-83.6712,300.34,88,100,4.85,NI,1698005230
200,san antonio de pale,-1.4014,5.6325,299.13,83,71,6.89,GQ,1698005230
201,cape canaveral,28.4058,-80.6048,303.26,39,20,0.0,US,1698005231
202,san patricio,28.017,-97.5169,305.12,44,95,6.64,US,1698005231
203,neiafu,-18.65,-173.9833,300.53,69,20,1.03,TO,1698005231
204,ghadamis,30.1337,9.5007,300.74,22,0,0.82,LY,1698005231
205,saint-joseph,-21.3667,55.6167,293.41,78,17,3.14,RE,1698005231
206,alofi,-19.0595,-169.9187,300.09,74,40,3.6,NU,1698005231
207,vieste,41.8825,16.175,294.0,71,75,3.42,IT,1698005231
208,bouca,6.5105,18.2733,297.35,83,83,1.54,CF,1698005232
209,floro,61.5996,5.0328,281.13,71,0,2.57,NO,1698005232
210,kristiansund,63.1115,7.732,280.51,65,75,1.54,NO,1698005232
211,laurentides,46.4334,-74.9826,279.1,93,100,4.34,CA,1698005232
212,new norfolk,-42.7826,147.0587,285.88,96,99,1.49,AU,1698005232
213,guadalupe victoria,32.2869,-115.105,308.68,15,0,1.35,MX,1698005232
214,kichmengskiy gorodok,59.9816,45.7854,270.16,97,29,2.58,RU,1698005232
215,sorong,-0.8833,131.25,298.67,89,93,2.84,ID,1698005232
216,hamilton,39.1834,-84.5333,289.22,55,0,2.57,US,1698005079
217,badger,64.8,-147.5333,268.14,84,100,2.06,US,1698005233
218,zaragoza,41.6561,-0.8773,289.83,61,100,5.66,ES,1698005071
219,horta,38.5333,-28.6333,290.95,77,20,3.6,PT,1698005233
220,galliano,29.4422,-90.2992,304.26,51,0,1.54,US,1698005233
221,usogorsk,63.4106,48.6872,271.96,91,100,3.74,RU,1698005233
222,busan,35.1028,129.0403,287.45,59,10,2.53,KR,1698005233
223,atafu village,-8.5421,-172.5159,301.36,72,100,2.87,TK,1698005233
224,muroto-misakicho,33.2833,134.15,291.1,62,84,2.3,JP,1698005234
225,douz,33.4663,9.0203,297.56,43,0,3.91,TN,1698005048
226,hithadhoo,-0.6,73.0833,300.02,76,67,5.45,MV,1698005234
227,chonchi,-42.6128,-73.8092,288.71,43,1,1.63,CL,1698005234
228,ouarzazat,30.9189,-6.8934,290.77,48,3,3.51,MA,1698005234
229,mccomb,31.2438,-90.4531,303.72,32,0,2.57,US,1698005234
230,brokopondo,4.75,-55.1667,303.13,63,70,2.41,SR,1698005235
231,kapsan-up,41.0903,128.2933,274.99,88,0,0.18,KP,1698005235
232,sherbakul',54.6316,72.3963,272.5,80,100,9.76,RU,1698005235
233,bovril,-31.3431,-59.4451,295.32,94,100,5.99,AR,1698005235
234,susuman,62.7833,148.1667,255.96,99,75,0.56,RU,1698005235
235,cold lake,54.4502,-110.2017,273.76,49,100,3.9,CA,1698005235
236,al kharijah,25.4514,30.5464,297.04,37,0,3.97,EG,1698005236
237,mount isa,-20.7333,139.5,289.02,39,0,0.0,AU,1698005236
238,azna,33.6095,48.9307,287.04,26,100,0.35,IR,1698005236
239,bathsheba,13.2167,-59.5167,303.49,74,20,4.12,BB,1698005236
240,bazar-korgon,41.0376,72.7459,286.22,45,100,0.84,KG,1698005209
241,malango,-2.9627,119.9001,291.15,95,41,1.28,ID,1698005236
242,jamestown,42.097,-79.2353,282.92,64,75,8.75,US,1698005223
243,nadi,-17.8,177.4167,300.15,74,75,4.12,FJ,1698005236
244,wieprz,49.8909,19.3569,285.46,100,10,3.16,PL,1698005237
245,gurghiu,46.7667,24.85,287.29,68,17,0.37,RO,1698005237
246,nova vicosa,-17.8919,-39.3719,297.54,71,93,4.68,BR,1698005101
247,dergachi,51.2328,48.7659,277.33,53,100,2.21,RU,1698005237
248,ahvaz,31.3203,48.6693,301.12,28,0,3.09,IR,1698005237
249,talnakh,69.4865,88.3972,270.98,95,100,5.93,RU,1698005237
250,tsiombe,-25.3,45.4833,295.71,73,0,1.78,MG,1698005237
251,vorgashor,67.5833,63.95,268.26,95,100,3.62,RU,1698005238
252,avarua,-21.2078,-159.775,299.18,83,26,3.09,CK,1698005238
253,yongchuan,29.3514,105.8947,292.28,69,100,1.49,CN,1698005238
254,verkhnevilyuysk,63.4453,120.3167,270.16,97,100,2.29,RU,1698005238
255,serenje,-13.2325,30.2352,292.54,79,100,1.25,ZM,1698005238
256,prince george,53.9166,-122.753,272.84,100,100,1.54,CA,1698004977
257,arafat,21.3594,39.9664,302.46,56,0,1.33,SA,1698005238
258,bereket,39.2446,55.5154,292.51,74,100,2.25,TM,1698005239
259,udaipur,24.5712,73.6918,296.24,38,3,1.4,IN,1698005239
260,konstantinovka,49.6167,127.9833,274.55,62,0,2.62,RU,1698005239
261,pathein,16.7833,94.7333,296.8,94,71,1.86,MM,1698005239
262,haiku-pauwela,20.9219,-156.3051,300.51,77,40,2.57,US,1698005239
263,pyapon,16.2833,95.6833,297.64,91,100,1.78,MM,1698005239
264,roma,43.2128,-75.4557,279.55,88,100,8.23,US,1698005240
265,lebu,-37.6167,-73.65,285.58,72,1,7.42,CL,1698005240
266,assab,13.0092,42.7394,301.9,74,10,8.57,ER,1698005240
267,college,64.8569,-147.8028,268.19,83,75,2.06,US,1698005228
268,soba,10.9813,8.0575,298.03,28,22,2.95,NG,1698005240
269,san pedro pochutla,15.7333,-96.4667,304.99,47,52,3.09,MX,1698005241
270,port moresby,-9.4431,147.1797,296.5,86,92,2.39,PG,1698005241
271,vila franca do campo,37.7167,-25.4333,291.42,99,84,4.44,PT,1698005241
272,dampit,-8.2116,112.7493,294.27,88,54,0.73,ID,1698005241
273,tolanaro,-25.0319,46.9987,296.55,93,22,0.5,MG,1698005241
274,egilsstadir,65.2653,-14.3948,276.04,99,100,3.81,IS,1698005241
275,port alfred,-33.5906,26.891,289.11,68,74,7.29,ZA,1698004958
276,ketchikan,55.3422,-131.6461,280.41,61,0,7.72,US,1698005242
277,magong,23.5654,119.5863,298.48,79,100,9.51,TW,1698005242
278,berezovyy,51.6667,135.7,272.07,60,1,3.06,RU,1698005242
279,kourou,5.1552,-52.6478,304.18,75,97,5.59,GF,1698005242
280,weligama,5.9667,80.4167,298.03,88,100,0.97,LK,1698005242
281,tevriz,57.509,72.4042,272.28,67,100,4.75,RU,1698005242
282,warren,39.4334,-84.1666,289.01,55,0,4.63,US,1698005243
283,puerto san jose,13.9256,-90.8244,301.98,73,100,3.08,GT,1698005243
284,balikpapan,-1.2675,116.8289,297.7,94,75,1.03,ID,1698005243
285,uturoa,-16.7333,-151.4333,299.81,80,6,6.07,PF,1698005243
286,enniscorthy,52.5008,-6.5578,286.19,100,100,2.21,IE,1698005243
287,miranda do corvo,40.0932,-8.3326,288.51,70,100,0.7,PT,1698005119
288,flying fish cove,-10.4217,105.6791,295.97,94,40,1.54,CX,1698005244
289,sibut,5.718,19.0739,296.46,93,99,0.53,CF,1698005244
290,namsos,64.4662,11.4957,278.18,70,100,7.72,NO,1698005244
291,port isabel,26.0734,-97.2086,305.41,64,100,4.92,US,1698005244
292,ust'-ilimsk,58.0006,102.6619,272.22,81,100,2.62,RU,1698005244
293,sandnessjoen,66.0217,12.6316,279.21,45,0,3.6,NO,1698005244
294,sungailiat,-1.85,106.1333,299.74,79,97,0.76,ID,1698005245
295,valdivia,-39.8142,-73.2459,292.91,38,0,1.32,CL,1698005245
296,corinto,37.9407,22.9573,295.42,65,48,0.37,GR,1698005245
297,karratha,-20.7377,116.8463,300.94,39,63,5.56,AU,1698005245
298,whangarei,-35.7317,174.3239,289.07,79,73,1.95,NZ,1698005052
299,sao jose da coroa grande,-8.8978,-35.1478,298.91,74,85,4.09,BR,1698005245
300,kavaratti,10.5669,72.642,301.67,71,88,2.09,IN,1698005245
301,chokwe,-24.5333,32.9833,294.8,72,98,6.8,MZ,1698005246
302,viedma,-40.8135,-62.9967,288.41,55,100,7.24,AR,1698005246
303,hauterive,46.0901,3.4459,284.81,70,87,1.51,FR,1698005246
304,peranampattu,12.9333,78.7167,295.49,86,87,0.72,IN,1698005246
305,stephenville,32.2207,-98.2023,303.24,41,0,4.63,US,1698005246
306,turkeli,41.9476,34.3386,295.7,51,100,1.94,TR,1698005246
307,sanya,18.2431,109.505,299.24,83,40,1.0,CN,1698005059
308,ad dawadimi,24.5077,44.3924,298.79,25,6,4.83,SA,1698005247
309,zhumadian,32.9794,114.0294,288.41,63,0,1.87,CN,1698005247
310,caleta de carquin,-11.0925,-77.6267,295.15,79,55,4.75,PE,1698005247
311,venezuela,8.0,-66.0,300.01,76,100,2.25,VE,1698005101
312,tidjikja,18.5564,-11.4271,303.87,27,30,5.52,MR,1698005248
313,niafunke,15.9322,-3.9906,308.61,19,24,2.2,ML,1698005248
314,jacksonville,30.3322,-81.6556,304.31,40,75,4.12,US,1698005079
315,crane,31.3974,-102.3501,301.54,37,100,7.78,US,1698005248
316,smithers,54.7804,-127.1743,275.33,93,75,2.57,CA,1698005248
317,qamdo,31.1667,97.2333,269.75,62,12,1.04,CN,1698005248
318,san luis de la loma,17.2706,-100.8939,301.41,81,60,2.13,MX,1698005249
319,leh,34.1667,77.5833,275.99,41,95,1.6,IN,1698005249
320,rio claro,-22.4114,-47.5614,305.59,44,7,2.64,BR,1698005249
321,kathua,32.3667,75.5167,292.26,50,0,1.88,IN,1698005249
322,khorixas,-20.3667,14.9667,292.59,33,0,3.63,NA,1698005249
323,laguna,38.421,-121.4238,295.97,70,100,4.63,US,1698005249
324,kuqa,41.7278,82.9364,285.75,30,50,1.7,CN,1698005250
325,ghat,24.9647,10.1728,303.59,13,64,1.8,LY,1698005250
326,inarajan village,13.2736,144.7484,301.23,91,88,8.4,GU,1698005250
327,curaca,-8.9903,-39.9094,308.24,22,52,3.21,BR,1698004990
328,aldinga beach,-35.2793,138.4604,282.41,86,0,2.85,AU,1698005250
329,scottsbluff,41.8666,-103.6672,296.77,33,0,1.54,US,1698005251
330,vila velha,-20.3297,-40.2925,296.12,78,100,2.06,BR,1698004985
331,gadzhiyevo,69.2551,33.3362,273.18,74,98,7.6,RU,1698005251
332,reggane,26.7158,0.1714,303.52,22,0,1.27,DZ,1698005251
333,birobidzhan,48.8,132.95,272.71,61,0,2.66,RU,1698005251
334,yemetsk,63.4721,41.7941,271.13,89,92,2.93,RU,1698005251
335,cambebba,-3.6209,-38.8291,301.91,74,67,5.75,BR,1698005251
336,pindiga,9.9833,10.9333,300.64,22,29,2.09,NG,1698005252
337,yasnyy,51.0333,59.8742,271.95,77,13,5.04,RU,1698005252
338,lima,-12.0432,-77.0282,293.29,78,75,3.6,PE,1698005252
339,bocas del toro,9.3333,-82.25,298.77,77,100,2.24,PA,1698005252
340,mount pearl,47.5166,-52.7813,287.67,90,100,12.86,CA,1698005252
341,boyolangu,-8.1181,111.8935,295.64,90,28,0.88,ID,1698005252
342,farasan,16.7022,42.1183,303.48,67,10,0.57,SA,1698005253
343,broome,42.2506,-75.833,280.21,89,100,6.17,US,1698005253
344,lompoc,34.6391,-120.4579,299.14,74,75,5.14,US,1698005227
345,portland,45.5234,-122.6762,290.69,92,100,3.09,US,1698005198
346,santa maria del oro,25.9333,-105.3667,296.09,36,100,1.17,MX,1698005253
347,port hueneme,34.1478,-119.1951,301.18,66,0,4.12,US,1698005253
348,east ballina,-28.8667,153.5833,292.48,86,4,3.07,AU,1698005253
349,bardsir,29.9227,56.5743,287.72,27,69,0.83,IR,1698005254
350,lautoka,-17.6167,177.4667,300.07,74,75,4.12,FJ,1698005254
351,queenstown,-31.8976,26.8753,282.18,89,100,3.33,ZA,1698005254
352,mandalgovi,45.7625,106.2708,277.12,36,35,4.47,MN,1698005254
353,el eulma,36.1528,5.6902,289.4,36,15,3.28,DZ,1698005254
354,jimenez,28.3333,-105.4,300.17,24,100,4.26,MX,1698005254
355,buala,-8.145,159.5921,300.07,83,89,1.67,SB,1698005255
356,colby,39.3958,-101.0524,294.26,37,0,3.13,US,1698005255
357,praia da vitoria,38.7333,-27.0667,291.35,80,69,6.68,PT,1698005255
358,dolores,-36.3132,-57.6792,294.79,73,99,3.42,AR,1698005255
359,kikwit,-5.041,18.8162,297.5,83,99,0.8,CD,1698005255
360,barentu,15.1139,37.5928,300.95,41,90,1.68,ER,1698005255
361,caxito,-8.5785,13.6643,298.37,80,43,1.84,AO,1698005255
362,balqash,46.8481,74.995,285.01,67,100,12.34,KZ,1698005256
363,vilyuysk,63.7553,121.6247,269.54,92,100,2.79,RU,1698005256
364,sanming,26.2486,117.6186,292.07,92,67,0.67,CN,1698005256
365,kapuskasing,49.4169,-82.4331,279.01,58,7,2.41,CA,1698005256
366,ambon,-3.6954,128.1814,301.41,95,40,1.03,ID,1698005256
367,north bay,46.3168,-79.4663,282.01,57,21,6.5,CA,1698005256
368,bandon,51.7469,-8.7425,284.92,88,100,5.31,IE,1698005257
369,gereida,11.2811,25.1414,303.0,21,5,3.41,SD,1698005257
370,abrud,46.2667,23.0667,284.86,77,6,0.58,RO,1698005257
371,sinop,41.7711,34.8709,292.58,46,97,3.57,TR,1698005257
372,nova xavantina,-14.6667,-52.35,307.25,40,77,2.49,BR,1698005257
373,dondukovskaya,44.8819,40.3627,289.73,62,8,3.06,RU,1698005257
374,kafr laha,34.8947,36.4958,296.17,37,4,1.97,SY,1698005257
375,nar'yan-mar,67.6713,53.087,273.03,83,100,7.74,RU,1698005258
376,juneau,58.3019,-134.4197,274.38,48,100,2.57,US,1698005193
377,margate,51.3813,1.3862,282.76,87,0,3.21,GB,1698005258
378,oamaru,-45.0784,170.9801,281.69,88,0,3.36,NZ,1698005258
379,dakhla,23.6848,-15.958,296.0,81,14,3.58,EH,1698005258
380,sitka,57.0531,-135.33,279.09,45,0,0.0,US,1698005208
381,farafangana,-22.8167,47.8333,296.69,86,37,4.68,MG,1698005259
382,anisoc,1.8658,10.7689,294.67,99,99,0.47,GQ,1698005259
383,villa angela,-27.5738,-60.7153,313.44,22,84,4.33,AR,1698005259
384,aasiaat,68.7098,-52.8699,262.39,88,79,2.95,GL,1698005259
385,kuta,-8.7233,115.1723,298.15,100,75,2.24,ID,1698005260
386,rio grande,-32.035,-52.0986,293.21,98,100,5.09,BR,1698005260
387,bachatskiy,54.2927,86.1285,281.09,86,100,6.19,RU,1698005260
388,rozhdestveno,53.2375,50.0597,274.7,66,21,1.97,RU,1698005261
389,saskatoon,52.1168,-106.6345,283.14,46,75,5.66,CA,1698005104
390,ambovombe,-25.1667,46.0833,296.1,72,0,4.9,MG,1698005262
391,morag,53.9171,19.926,284.27,98,100,4.07,PL,1698005262
392,tokmok,42.8417,75.3016,285.34,61,98,0.49,KG,1698005262
393,pariaman,-0.619,100.12,298.18,90,100,1.07,ID,1698005262
394,cockburn town,21.4612,-71.1419,303.13,66,40,3.6,TC,1698005262
395,posse,-14.0931,-46.3694,302.6,43,100,4.49,BR,1698005061
396,estrela,-28.0611,-50.9383,298.09,68,98,1.22,BR,1698005263
397,olinda,-8.0089,-34.8553,300.0,74,75,4.63,BR,1698005229
398,dongcun,36.7767,121.1597,286.35,61,0,1.88,CN,1698005263
399,puerto madero,14.7208,-92.4215,305.26,79,40,3.09,MX,1698005263
400,santa cruz,-17.8,-63.1667,313.85,27,52,10.29,BO,1698004973
401,ancud,-41.8697,-73.8203,286.53,60,0,2.88,CL,1698005263
402,anavyssos,37.7333,23.95,296.86,83,99,3.0,GR,1698005264
403,markaz-e woluswali-ye achin,34.1258,70.7078,289.83,68,0,0.46,AF,1698005264
404,kiunga,-6.1219,141.2906,294.19,99,70,0.95,PG,1698005264
405,fort mcmurray,56.7268,-111.381,272.29,34,71,2.94,CA,1698005264
406,jianshui,23.6363,102.8264,288.07,96,5,0.95,CN,1698005264
407,ponta delgada,37.7333,-25.6667,291.59,68,20,4.12,PT,1698005264
408,singaraja,-8.112,115.0882,298.71,82,30,1.75,ID,1698005265
409,kaffrine,14.1059,-15.5508,303.17,54,100,2.87,SN,1698005265
410,mariental,-24.6333,17.9667,296.86,13,0,2.47,NA,1698005265
411,walvis bay,-22.9575,14.5053,288.2,90,1,3.25,NA,1698005265
412,trinidad,-14.8333,-64.9,313.14,29,20,6.17,BO,1698005265
413,ceerigaabo,10.6162,47.368,292.62,61,98,1.51,SO,1698005265
414,santa barbara,34.7333,-120.0343,295.56,58,20,6.69,US,1698005265
415,daru,-9.0763,143.2092,295.93,82,100,2.66,PG,1698005266
416,carnarvon,-24.8667,113.6333,292.49,78,1,9.81,AU,1698005266
417,svobodnyy,51.4,128.1333,272.19,58,0,2.75,RU,1698005266
418,okha,53.5739,142.9478,274.86,79,100,9.36,RU,1698005266
419,i-n-salah,27.1935,2.4607,303.89,20,0,2.76,DZ,1698005266
420,tual,-5.6667,132.75,299.81,81,66,7.01,ID,1698005266
421,tarawa,1.419,172.984,301.2,89,75,0.51,KI,1698005266
422,kananga,-5.8958,22.4178,295.78,85,56,1.4,CD,1698005267
423,severo-yeniseyskiy,60.3725,93.0408,272.5,82,100,3.8,RU,1698005267
424,puerto aysen,-45.4,-72.7,290.0,52,1,1.08,CL,1698005267
425,atakpame,7.5333,1.1333,297.19,84,100,1.67,TG,1698005267
426,katsuren-haebaru,26.3369,127.8719,296.16,68,75,1.54,JP,1698005267
427,homer,59.6425,-151.5483,275.08,50,0,4.92,US,1698005267
428,gunnedah,-30.9833,150.25,286.43,33,5,0.61,AU,1698005267
429,sardarapat,40.1321,44.0097,285.68,48,8,0.47,AM,1698005268
430,kamaishi,39.2667,141.8833,285.68,83,75,3.08,JP,1698005268
431,nyurba,63.2842,118.3319,272.46,94,100,3.19,RU,1698005268
432,isabela,6.7085,121.9711,299.09,85,99,0.82,PH,1698005268
433,la rioja,42.25,-2.5,283.03,84,100,2.49,ES,1698005268
434,tirunelveli,8.7333,77.7,299.98,75,98,1.4,IN,1698005268
435,bardai,11.65,7.2333,298.55,23,8,3.35,NG,1698005269
436,baidoa,3.1138,43.6498,295.99,88,52,3.87,SO,1698005269
437,mbeya,-8.9,33.45,292.64,52,13,2.65,TZ,1698005269
438,dwarka,22.2394,68.9678,300.56,74,26,4.47,IN,1698005269
439,brazil,39.5237,-87.125,289.92,49,0,0.0,US,1698005269
440,pembroke,45.8168,-77.1162,277.69,84,100,5.67,CA,1698004994
441,villa gesell,-37.2639,-56.973,288.02,93,96,5.19,AR,1698005270
442,kara-balta,42.8142,73.8481,285.2,54,100,0.83,KG,1698005270
443,penzance,50.1186,-5.5371,285.53,84,100,8.12,GB,1698004971
444,shitanjing,39.2342,106.3439,283.41,21,55,4.87,CN,1698005270
445,itapipoca,-3.4944,-39.5786,302.11,55,78,4.35,BR,1698005054
446,kelibia,36.8476,11.0939,295.97,78,88,8.39,TN,1698005271
447,senador guiomard,-10.1522,-67.7392,313.46,18,100,1.8,BR,1698005271
448,port douglas,-16.4833,145.4667,294.42,80,5,1.85,AU,1698005271
449,sirte,31.2089,16.5887,297.18,73,6,3.3,LY,1698005271
450,utrik,11.2278,169.8474,299.67,84,100,6.31,MH,1698005271
451,pandan,14.0453,124.1694,298.45,92,100,2.04,PH,1698005271
452,beira,-19.8436,34.8389,298.2,94,40,4.63,MZ,1698005272
453,bay roberts,47.5999,-53.2648,288.33,97,100,3.58,CA,1698005272
454,rondonopolis,-16.4708,-54.6356,310.21,30,100,6.15,BR,1698005248
455,weno,7.4515,151.8468,300.12,94,40,2.57,FM,1698005272
456,zijinglu,34.76,112.9714,289.23,61,55,1.1,CN,1698005272
457,newman,37.3138,-121.0208,299.29,57,1,7.15,US,1698005273
458,douchy-les-mines,50.3008,3.3927,284.21,94,4,0.89,FR,1698005273
459,isafjordur,66.0755,-23.124,277.22,80,64,2.21,IS,1698005273
460,calvi,42.5,8.8333,287.5,72,40,2.57,FR,1698005273
461,pasuquin,18.3328,120.6177,297.12,94,75,1.54,PH,1698005273
462,camacupa,-12.0167,17.4833,295.63,57,90,1.99,AO,1698005273
463,akrehamn,59.2667,5.1833,284.29,62,75,3.09,NO,1698005273
464,richards bay,-28.783,32.0377,291.22,72,80,7.12,ZA,1698005274
465,sao vicente,-23.9631,-46.3919,297.58,51,81,3.58,BR,1698005274
466,tsetserleg,47.475,101.4542,275.79,41,59,1.87,MN,1698005274
467,acapulco de juarez,16.8634,-99.8901,304.05,66,40,2.06,MX,1698005192
468,kerikeri,-35.2268,173.9474,289.21,89,42,0.45,NZ,1698005274
469,ataq,14.5377,46.8319,295.96,63,70,2.33,YE,1698005274
470,sao joao da barra,-21.6403,-41.0511,296.2,72,71,3.98,BR,1698005275
471,ares,-6.1944,-35.1603,299.34,71,93,5.73,BR,1698005275
472,ozu,33.5,132.55,287.5,76,98,1.66,JP,1698005275
473,osmancik,40.9782,34.8047,293.47,44,100,0.57,TR,1698005275
474,betio village,1.358,172.9211,301.17,78,90,6.65,KI,1698005275
475,solikamsk,59.6196,56.7729,271.63,78,100,4.7,RU,1698005275
476,labrador city,52.9463,-66.9114,275.36,63,98,4.62,CA,1698005276
477,saint-pierre,-21.3393,55.4781,294.02,78,0,2.57,RE,1698005276
478,hailun,47.45,126.9333,276.59,64,1,4.07,CN,1698005276
479,vallenar,-28.5708,-70.7581,292.37,29,89,5.32,CL,1698005276
480,leava,-14.3,-178.1667,300.37,86,85,6.93,WF,1698005277
481,lorengau,-2.0226,147.2712,299.5,84,91,2.57,PG,1698005277
482,mudgee,-32.5943,149.5871,279.14,82,51,1.02,AU,1698005072
483,moussoro,13.6408,16.4901,304.62,11,10,6.28,TD,1698005277
484,yelizovo,53.1873,158.3805,271.23,93,75,1.0,RU,1698005277
485,polyarnyy,69.1989,33.4478,273.35,74,95,7.46,RU,1698005277
486,callao,-12.0667,-77.15,294.31,78,75,3.6,PE,1698005277
487,tonosho,34.4833,134.1833,290.28,66,100,2.08,JP,1698005278
488,arkhangel'sk,64.5401,40.5433,272.7,89,42,3.19,RU,1698005278
489,lata,40.1629,-8.3327,288.19,71,100,0.76,PT,1698005278
490,whitecourt,54.1502,-115.6855,271.73,100,100,4.12,CA,1698005135
491,rauma,61.1272,21.5113,275.17,98,100,1.41,FI,1698005278
492,kotlas,61.2611,46.6556,272.55,89,98,2.87,RU,1698005278
493,santo antonio do ica,-3.1022,-67.9397,304.36,57,100,1.43,BR,1698005278
494,kavieng,-2.5744,150.7967,300.95,79,67,3.68,PG,1698005279
495,sharan,54.8167,54.0,271.66,86,21,3.34,RU,1698005279
496,wanganui,-39.9333,175.05,284.59,73,1,3.58,NZ,1698005279
497,wynyard,-41.0,145.7167,286.52,75,65,5.05,AU,1698005279
498,urangan,-25.3,152.9,295.31,73,6,5.0,AU,1698005279
499,fort st. john,56.2499,-120.8529,267.09,86,100,7.72,CA,1698005208
500,nahiyat ash shinafiyah,31.5874,44.6602,300.9,26,85,3.75,IQ,1698005279
501,roses,42.262,3.1769,293.17,70,98,1.34,ES,1698005280
502,porto velho,-8.7619,-63.9039,308.18,52,40,1.54,BR,1698005280
503,nema,57.5067,50.5011,270.9,92,14,2.92,RU,1698005280
504,auki,-8.7676,160.7034,298.6,88,77,1.22,SB,1698005280
505,batticaloa,7.7102,81.6924,299.25,80,100,1.87,LK,1698005280
506,bandarbeyla,9.4942,50.8122,300.66,78,100,3.93,SO,1698005280
507,doka,13.5167,35.7667,298.39,66,37,1.58,SD,1698005281
508,akureyri,65.6835,-18.0878,273.71,92,93,1.03,IS,1698005281
509,la plata,-34.9215,-57.9545,296.94,84,100,3.74,AR,1698005281
510,aswan,24.0934,32.907,302.63,24,0,4.85,EG,1698005281
511,rakops,-21.0167,24.3333,300.39,10,0,3.88,BW,1698005281
512,cabedelo,-6.9811,-34.8339,300.52,71,91,5.91,BR,1698005282
513,markala,13.7021,-6.0659,306.42,26,21,2.11,ML,1698005282
514,tofol,5.3248,163.0078,301.41,74,34,2.47,FM,1698005282
515,tupiza,-21.45,-65.7167,295.56,34,98,4.3,BO,1698005282
516,castillos,-34.1667,-53.8333,291.79,94,100,3.4,UY,1698005282
517,itacare,-14.2775,-38.9967,297.31,88,12,3.54,BR,1698005283
518,tilcara,-23.5776,-65.3509,292.46,45,34,4.48,AR,1698005283
519,alnwick,55.4132,-1.7056,279.05,87,18,3.6,GB,1698005283
520,mandleshwar,22.1833,75.6667,297.91,50,67,0.93,IN,1698005283
521,ishpeming,46.4885,-87.6676,283.98,67,14,1.28,US,1698005283
522,winchester center,41.9001,-73.1348,284.09,73,100,2.24,US,1698005284
523,san julian,21.0167,-102.1667,298.21,38,99,4.72,MX,1698005284
524,ippy,6.2679,21.2247,297.38,76,83,1.25,CF,1698005284
525,valparaiso,-33.0393,-71.6273,290.37,68,100,3.6,CL,1698005284
526,la libertad,-2.2333,-80.9,298.96,83,75,4.63,EC,1698005284
527,bikenibeu village,1.3673,173.1241,301.13,89,75,0.51,KI,1698005285
528,as sulayyil,20.4607,45.5779,300.29,26,0,3.82,SA,1698005285
529,palikir - national government center,6.9248,158.1611,297.56,94,20,2.06,FM,1698005285
530,bedarieux,43.6155,3.1571,290.77,89,57,3.16,FR,1698005285
531,gubakha,58.8386,57.5532,271.57,86,100,4.34,RU,1698005285
532,strezhevoy,60.7333,77.5889,270.84,86,100,2.62,RU,1698005285
533,cole harbour,44.6724,-63.4751,286.32,84,100,4.92,CA,1698005286
534,broken hill,-31.95,141.4333,282.97,59,85,3.7,AU,1698005286
535,barah,13.7,30.3667,302.87,16,3,4.39,SD,1698005286
536,bamboo flat,11.7,92.7167,298.2,100,40,0.51,IN,1698005055
537,skarszewy,54.0691,18.4442,286.86,98,100,4.5,PL,1698005286
538,chui,-33.6971,-53.4616,291.95,94,100,2.41,UY,1698005286
539,flin flon,54.7682,-101.865,276.0,53,100,4.26,CA,1698005287
540,novaya igirma,57.1334,103.9112,271.83,82,58,2.21,RU,1698005287
541,ascension,30.2169,-90.9001,304.29,53,0,0.0,US,1698005292
542,kadan,50.3833,13.2667,286.05,83,79,2.49,CZ,1698005292
543,necochea,-38.5473,-58.7368,290.44,74,29,4.73,AR,1698005292
544,centerport,40.8854,-73.3762,287.3,57,40,6.17,US,1698005293
545,east perrine,25.6087,-80.3389,303.16,62,0,3.09,US,1698005293
546,alo,7.4178,6.7371,299.72,83,100,1.31,NG,1698005293
547,north bend,43.4065,-124.2243,291.63,82,100,0.0,US,1698005293
548,chinde,26.8418,88.0763,285.99,56,0,2.86,NP,1698005293
549,kasongo-lunda,-6.4667,16.8167,294.96,94,100,0.62,CD,1698005293
550,yakeshi,49.2833,120.7333,274.81,51,0,2.0,CN,1698005294
551,la paz,-16.5,-68.15,286.25,57,75,4.92,BO,1698005294
552,isiro,2.7739,27.616,294.36,86,100,1.06,CD,1698005294
553,zouerate,22.7187,-12.4521,301.37,36,99,3.06,MR,1698005294
554,ambalangoda,6.2355,80.0538,297.95,89,100,2.11,LK,1698005294
555,brandon,27.9378,-82.2859,304.1,51,0,2.57,US,1698005283
556,yishui,35.7847,118.6281,283.8,46,1,1.76,CN,1698005294
557,sancaktepe,41.0024,29.2319,292.97,60,0,0.0,TR,1698005295
558,sampit,-2.5333,112.95,297.27,97,100,0.41,ID,1698005238
559,gulnar,36.3415,33.3992,290.86,45,50,1.26,TR,1698005295
560,teaca,46.9167,24.5167,287.39,70,50,0.72,RO,1698005295
561,orumiyeh,37.5527,45.0761,285.05,48,0,1.63,IR,1698005295
562,fort bragg,35.139,-79.006,297.06,39,0,4.63,US,1698005295
563,omutinskiy,56.4745,67.6709,271.4,78,42,6.71,RU,1698005296
564,anna regina,7.2644,-58.5077,302.62,71,99,3.35,GY,1698005296
565,piti village,13.4626,144.6933,301.18,87,0,5.14,GU,1698005296
566,andreyevo,55.9465,41.1505,275.06,85,100,3.12,RU,1698005296
567,la'ie,21.6477,-157.9253,303.13,77,7,2.68,US,1698005296
568,bumba,2.1833,22.4667,298.86,74,92,1.17,CD,1698005297
569,daud khel,32.875,71.5701,296.05,53,0,1.28,PK,1698005297
570,cestos city,5.46,-9.5828,299.22,85,82,3.08,LR,1698005297
571,kapit,2.0167,112.9333,295.84,99,100,0.29,MY,1698005297
572,ta`u,-14.2336,-169.5144,299.79,83,83,5.12,AS,1698005297
573,muli,2.9167,73.5667,300.31,73,96,2.36,MV,1698005297
574,kachug,53.9606,105.8817,271.86,76,5,0.5,RU,1698005298
575,piacabucu,-10.4056,-36.4344,298.8,77,28,4.96,BR,1698005298
576,hagere maryam,5.6333,38.2333,287.59,94,44,1.45,ET,1698005298
577,querqueville,49.6625,-1.6912,284.97,87,0,2.57,FR,1698005298
578,nemuro,43.3236,145.575,282.67,78,58,8.54,JP,1698005298
579,otradnaya,44.3933,41.5206,288.12,63,9,2.63,RU,1698005298
580,chadron,42.8294,-102.9999,294.97,38,0,3.6,US,1698005099
581,novouzensk,50.4592,48.1431,278.59,49,100,2.05,RU,1698005299
582,tucuma,-0.1833,-50.05,303.21,63,84,5.46,BR,1698005299
583,kirawsk,53.2686,29.4736,283.14,96,100,3.84,BY,1698005299
584,an nimas,19.1455,42.1201,289.28,37,0,4.93,SA,1698005299
585,mejit,10.2753,170.8646,300.67,82,100,5.8,MH,1698005299
586,kamiiso,41.8167,140.65,280.31,77,6,3.93,JP,1698005299
587,cornillon,18.6747,-71.9533,298.95,58,58,1.78,HT,1698005299
588,kamina,-8.7386,24.9906,294.64,69,0,0.95,CD,1698005300
589,nizhneudinsk,54.9076,99.0276,275.31,76,100,1.82,RU,1698005300
590,sakaiminato,35.55,133.2333,289.71,69,100,3.86,JP,1698005300
591,kismayo,-0.3582,42.5454,299.83,78,50,5.56,SO,1698005300
592,kratie,12.4881,106.0188,296.55,96,98,0.22,KH,1698005300
593,kruisfontein,-34.0033,24.7314,285.44,77,4,4.48,ZA,1698005300
594,opuwo,-18.0607,13.84,295.09,22,0,3.69,NA,1698005301
595,lamar,33.6668,-95.5836,299.81,57,0,5.66,US,1698005301
596,ad dabbah,18.05,30.95,302.9,16,0,5.62,SD,1698005301
597,santa ana,33.7456,-117.8678,299.22,62,20,3.6,US,1698005032
598,nelson bay,-32.7167,152.15,290.93,65,7,3.13,AU,1698005301
599,howard springs,-12.497,131.047,300.83,89,3,2.12,AU,1698005301
600,tyuratam,45.6507,63.3156,279.26,63,11,4.65,KZ,1698005301
